Step,count,percent,color,Status
0,40,1,#F2F2F2,Total Applicants
1,37,0.92,#D9D9D9,Invited to JSTs
2,33,0.82,#BFBFBF,Completed JSTs
3,24,0.6,#A6A6A6,Passed JSTs
4,17,0.42,#8C8C8C,Invited to Interview/Work Demo
5,16,0.4,#737373,Completed Work Demo
6,9,0.22,#595959,Passed Work Demo
7,8,0.2,#404040,Completed Interview
8,7,0.18,#363636,Passed Interview
9,3,0.08,#27A8FF,Offer accepted
